{"actuators":[[3,6],[2,5],[18,15],[17,16],[18,19],[20,17],[3,4],[2,1],[6,8],[8,12],[12,15],[16,14],[5,7]],"vertices":[-0.6647398471832275,0.2706562876701355,-0.4951830506324768,0.5138995051383972,-0.23314064741134644,0.5293435454368591,-0.11753374338150024,0.2706562876701355,-0.4720616340637207,0.9308879971504211,-0.19075143337249756,0.9231659770011902,-0.660886287689209,1.1162161827087402,-0.186897873878479,1.1239380836486816,-0.6994220018386841,1.4250965118408203,-0.16763007640838623,1.428957462310791,0.2678227424621582,1.413513422012329,0.2601156234741211,1.1123552322387695,0.7148362398147583,1.3903474807739258,0.6994220018386841,1.1007721424102783,0.24084782600402832,0.9308879971504211,0.5221580266952515,0.9463319182395935,0.5183044672012329,0.5525095462799072,0.24084782600402832,0.5872585773468018,0.10982656478881836,0.3092663288116455,0.6724469661712646,0.30540531873703003],"indices":[1,2,3,1,4,3,2,5,6,3,6,2,5,7,8,6,5,8,7,9,10,10,8,7,8,10,11,11,12,8,11,13,14,14,12,11,12,15,14,14,16,15,16,17,15,15,18,17,18,19,20,17,20,18]}