{"actuators":[[1,3],[1,2],[3,7],[7,6]],"vertices":[-0.6069364547729492,0.054440081119537354,-0.7418111562728882,0.29382234811782837,-0.4566473960876465,0.29382234811782837,-0.5915221571922302,0.5293435454368591,-0.287090539932251,0.5177605152130127,-0.14836221933364868,0.25907331705093384,-0.3256261944770813,0.05830109119415283],"indices":[1,2,3,2,4,3,3,5,4,3,6,5,3,7,6]}