{"actuators":[[1,4],[6,9],[2,5],[8,7],[3,10]],"vertices":[-0.5529865026473999,0.19729721546173096,-0.32947975397109985,0.20115822553634644,-0.43352603912353516,0.428957462310791,-0.236994206905365,0.3942083716392517,-0.25626206398010254,0.5756756067276001,0.009633898735046387,0.4135134220123291,-0.013487458229064941,0.5602315664291382,0.0635838508605957,0.24749022722244263,0.2832369804382324,0.2320462465286255,0.2331407070159912,0.506177544593811],"indices":[1,2,3,2,4,3,4,5,3,4,6,7,5,4,7,6,8,9,6,10,7,10,9,6]}