{"actuators":[[8,5],[5,2],[1,5],[5,7],[6,3]],"vertices":[-0.6107900142669678,0.2861003279685974,-0.52601158618927,0.03127402067184448,-0.4142581820487976,0.274517297744751,-0.46820807456970215,0.5177605152130127,-0.3410404920578003,0.506177544593811,-0.186897873878479,0.22046321630477905,0.06743741035461426,0.23590725660324097,-0.017341017723083496,0.0235520601272583],"indices":[1,2,3,4,3,1,3,5,4,3,6,5,5,7,6,6,8,7]}