{"actuators":[[18,7],[1,5],[7,15],[9,16]],"vertices":[-0.7071291208267212,0.15868717432022095,-0.7109826803207397,0.42123544216156006,-0.4296724200248718,0.4405404329299927,-0.6955684423446655,0.7455597519874573,-0.42581886053085327,0.7378377318382263,-0.4450867176055908,1.0235519409179688,-0.12524086236953735,0.7301157712936401,-0.11368018388748169,1.0389959812164307,0.221579909324646,0.7339767217636108,0.21001923084259033,1.0312740802764893,0.4874758720397949,0.7069497108459473,0.45279383659362793,1.008108139038086,0.22928714752197266,0.4907335042953491,0.5105973482131958,0.48301148414611816,0.22543346881866455,0.1664091944694519,0.5375722646713257,0.17413121461868286,0.5876685380935669,1.9540538787841797,-0.44123315811157227,0.13552117347717285],"indices":[2,4,3,3,5,4,4,6,5,5,7,6,6,8,7,7,9,10,8,10,7,9,11,12,10,12,9,9,13,11,13,14,11,13,15,14,14,16,15,1,18,2,3,18,2]}