{"actuators":[[2,3],[3,1],[1,2],[1,5],[5,6],[6,7],[7,9],[9,8],[8,4],[4,2],[8,7]],"vertices":[-0.4296724200248718,0.4405404329299927,-0.2601156234741211,0.03899604082107544,-0.7341040372848511,0.23976826667785645,0.048169612884521484,0.12393814325332642,-0.017341017723083496,0.5872585773468018,0.31406545639038086,0.5332045555114746,0.4643545150756836,0.24362927675247192,0.18304431438446045,0.011969029903411865,0.5684007406234741,0.1046331524848938],"indices":[1,2,3,1,4,2,1,5,4,4,5,6,4,6,7,4,7,8,7,9,8]}