{"actuators":[[2,3],[1,2],[6,9],[9,8],[3,6]],"vertices":[-0.810068666934967,0.307789146900177,-0.709382176399231,0.06494837999343872,-0.5675057172775269,0.30091625452041626,-0.6773455142974854,0.5781213641166687,-0.3638443946838379,0.568957507610321,-0.2402746081352234,0.3032072186470032,-0.09839814901351929,0.557502806186676,-0.002288341522216797,0.3169529438018799,-0.1533181071281433,0.09473073482513428],"indices":[1,2,3,1,4,3,3,5,4,3,6,5,6,7,5,6,8,7,6,9,8]}