{"actuators":[[2,6],[6,10],[10,12],[1,5],[5,9],[9,11]],"vertices":[0.019963741302490234,0.18727272748947144,0.012704193592071533,0.4163636565208435,0.2232304811477661,0.1836363673210144,0.24863886833190918,0.4163636565208435,0.5571687817573547,0.16545450687408447,0.549909234046936,0.3981817960739136,0.9128856658935547,0.16545450687408447,0.9056261777877808,0.3654545545578003,1.163339376449585,0.1836363673210144,1.1669691801071167,0.3763636350631714,1.5229101181030273,0.15485960245132446,1.5497972965240479,0.3568798303604126],"indices":[1,2,3,2,4,3,3,5,6,4,3,6,5,7,8,6,5,8,7,9,8,8,10,9,9,11,12,10,9,12]}